task,episode,target,state,attempts,success
06_fruit_bowl_loading,ep000,wuji,render_failed,2,False
06_fruit_bowl_loading,ep001,wuji,render_failed,2,False
06_fruit_bowl_loading,ep002,wuji,render_failed,1,False
06_fruit_bowl_loading,ep003,wuji,render_failed,1,False
06_fruit_bowl_loading,ep004,wuji,render_failed,1,False
06_fruit_bowl_loading,ep005,wuji,render_failed,1,False
06_fruit_bowl_loading,ep006,wuji,render_failed,1,False
06_fruit_bowl_loading,ep007,wuji,render_failed,1,False
06_fruit_bowl_loading,ep008,wuji,render_failed,1,False
06_fruit_bowl_loading,ep009,wuji,render_failed,3,False
06_fruit_bowl_loading,ep010,wuji,render_failed,1,False
06_fruit_bowl_loading,ep011,wuji,render_failed,1,False
06_fruit_bowl_loading,ep012,wuji,render_failed,1,False
06_fruit_bowl_loading,ep013,wuji,render_failed,1,False
06_fruit_bowl_loading,ep014,wuji,render_failed,1,False
06_fruit_bowl_loading,ep015,wuji,render_failed,1,False
06_fruit_bowl_loading,ep016,wuji,render_failed,1,False
06_fruit_bowl_loading,ep017,wuji,render_failed,1,False
06_fruit_bowl_loading,ep018,wuji,render_failed,1,False
06_fruit_bowl_loading,ep019,wuji,running,0,False
06_fruit_bowl_loading,ep020,wuji,running,0,False
