episode,status,score,failed_conditions,minutes,stable_success_frame,replayable,note
ep000,success,5,,45.2,,False,
ep001,success,5,,86.1,,False,final state restored + 2 s hold of last pose: 40/40 frames all 5 conditions (Bench2Dex dwell 0.5 s met)
ep002,success,5,,236.0,505,False,
ep003,success,5,,81.2,481,True,
ep004,success,5,,80.2,468,True,
ep005,success,5,,153.3,489,True,
ep006,fail,4,apple_4,250.0,,True,
ep007,fail,4,apple_4,130.3,,True,
ep008,success,5,,131.7,503,True,
ep009,success,5,,86.2,507,True,
ep010,fail,5,,78.5,,True,
ep011,success,5,,78.9,512,True,
ep012,fail,5,,109.2,,True,
ep013,fail,4,apple_4,119.3,,True,
ep014,success,5,,96.4,483,True,
ep015,success,5,,49.4,480,True,
ep016,success,5,,73.7,485,True,
ep017,success,5,,76.9,484,True,
ep018,success,5,,94.2,475,True,
ep019,fail,4,banana_2,116.9,,True,
ep020,fail,3,banana_2 apple_3,112.1,,True,obj_013_apple_4 lost at frame 185 after 5 retries
ep021,fail,2,banana_2 apple_3 apple_4,120.8,,True,obj_013_apple_4 lost at frame 205 after 5 retries
ep022,fail,3,banana_2 apple_3,103.5,,True,obj_013_apple_4 lost at frame 190 after 5 retries
ep023,fail,2,banana_2 apple_3 apple_4,99.6,,True,obj_013_apple_4 lost at frame 195 after 5 retries
ep024,fail,1,bowl_zone banana_2 apple_3 apple_4,61.4,,True,obj_024_bowl_1 lost at frame 65 after 7 retries
ep025,queued,,,,,,
ep026,queued,,,,,,
ep027,queued,,,,,,
ep028,queued,,,,,,
ep029,queued,,,,,,
ep030,queued,,,,,,
ep031,queued,,,,,,
ep032,queued,,,,,,
ep033,queued,,,,,,
ep034,queued,,,,,,
ep035,queued,,,,,,
ep036,queued,,,,,,
ep037,queued,,,,,,
ep038,queued,,,,,,
ep039,queued,,,,,,
ep040,queued,,,,,,
ep041,queued,,,,,,
ep042,queued,,,,,,
ep043,queued,,,,,,
ep044,queued,,,,,,
ep045,queued,,,,,,
ep046,queued,,,,,,
ep047,queued,,,,,,
ep048,queued,,,,,,
ep049,queued,,,,,,
